タイトル,URL,日付,場所,概要,カテゴリ
2022年9月開催RAISE A SUILEN単独ライブイベント,https://bang-dream.com/events/ariake_ras,2022年9月25日(日),有明アリーナ,None,None
2022年9月開催Poppin'Party単独ライブイベント,https://bang-dream.com/events/ariake_poppin,2022年9月24日(土),有明アリーナ,None,None
2022年9月開催Morfonica単独ライブイベント,https://bang-dream.com/events/ariake_morfonica,2022年9月23日(金・祝)(差分),有明アリーナ,None,None
2022年9月開催Roselia単独ライブイベント,https://bang-dream.com/events/ariake_roselia,2022年9月22日(木),有明アリーナ,None,None
Animelo Summer Live 2022 -Sparkle-,https://bang-dream.com/events/asl2022,2022年8月26日(金)、27日(土)、28日(日),さいたまスーパーアリーナ,8/26(金) RAISE A SUILEN出演,None
2022年夏開催トークイベント,https://bang-dream.com/events/bangdream_summer2022,2022年7月30日(土),LINE CUBE SHIBUYA,None,None
RAISE A SUILEN LIVE 2022「OVERKILL」,https://bang-dream.com/events/ras_2022,2022年6月19日(日),富士急ハイランド・コニファーフォレスト,None,None
RAISE A SUILEN×Morfonica「Mythology Chapter 2」,https://bang-dream.com/events/mythology2,2022年6月18日(土),富士急ハイランド・コニファーフォレスト,None,None
Roselia単独ライブ「Episode of Roselia」,https://bang-dream.com/events/live_eor,2022年5月21日(土)、22日(日),富士急ハイランド・コニファーフォレスト,None,None
JAPAN JAM 2022,https://bang-dream.com/events/japanjam2022,2022年5月1日(日)・3日(火･祝)・4日(水･祝)・5日(木･祝)・7日(土),千葉市蘇我スポーツ公園,5/3(火･祝) RAISE A SUILEN出演,None
